id,filename,width,height,class,score,xmin,ymin,xmax,ymax
0,/home/fvogel/Documents/data/person_shared_images/SR052N1D1day1stack1-06.png,512.0,512.0,spine,1.0,229.9375,476.4375,242.5625,489.8125
0,/home/fvogel/Documents/data/person_shared_images/SR052N1D1day1stack1-07.png,512.0,512.0,spine,1.0,230.625,473.59375,247.875,492.15625
1,/home/fvogel/Documents/data/person_shared_images/SR052N1D1day1stack1-07.png,512.0,512.0,spine,1.0,223.6875,432.375,235.8125,447.625
3,/home/fvogel/Documents/data/person_shared_images/SR052N1D1day1stack1-07.png,512.0,512.0,spine,1.0,163.5,249.5,182.5,268.5
0,/home/fvogel/Documents/data/person_shared_images/SR052N1D1day1stack1-08.png,512.0,512.0,spine,1.0,231.625,471.59375,249.5,490.53125
1,/home/fvogel/Documents/data/person_shared_images/SR052N1D1day1stack1-08.png,512.0,512.0,spine,1.0,220.59375,434.0,238.40625,451.5
2,/home/fvogel/Documents/data/person_shared_images/SR052N1D1day1stack1-08.png,512.0,512.0,spine,1.0,175.5,346.5,186.5,357.5
4,/home/fvogel/Documents/data/person_shared_images/SR052N1D1day1stack1-09.png,512.0,512.0,spine,1.0,101.5,138.0,114.5,152.0
0,/home/fvogel/Documents/data/person_shared_images/SR052N1D1day1stack1-09.png,512.0,512.0,spine,1.0,231.90625,472.5,249.84375,491.5
5,/home/fvogel/Documents/data/person_shared_images/SR052N1D1day1stack1-08.png,512.0,512.0,spine,1.0,100.5,176.0,115.5,192.0
8,/home/fvogel/Documents/data/person_shared_images/SR052N1D1day1stack1-09.png,512.0,512.0,spine,1.0,188.65625,316.65625,209.71875,337.59375
3,/home/fvogel/Documents/data/person_shared_images/SR052N1D1day1stack1-08.png,512.0,512.0,spine,1.0,163.8125,248.625,182.4375,268.375
2,/home/fvogel/Documents/data/person_shared_images/SR052N1D1day1stack1-09.png,512.0,512.0,spine,1.0,175.0,346.5,186.5,358.5
7,/home/fvogel/Documents/data/person_shared_images/SR052N1D1day1stack1-08.png,512.0,512.0,spine,1.0,126.75,224.0,142.25,239.0
1,/home/fvogel/Documents/data/person_shared_images/SR052N1D1day1stack1-09.png,512.0,512.0,spine,1.0,221.28125,432.46875,239.46875,451.40625
6,/home/fvogel/Documents/data/person_shared_images/SR052N1D1day1stack1-08.png,512.0,512.0,spine,1.0,112.5,147.5,126.5,164.5
9,/home/fvogel/Documents/data/person_shared_images/SR052N1D1day1stack1-09.png,512.0,512.0,spine,1.0,94.625,119.8125,108.875,135.9375
1,/home/fvogel/Documents/data/person_shared_images/SR052N1D1day1stack1-10.png,512.0,512.0,spine,1.0,219.5625,432.75,238.4375,450.625
8,/home/fvogel/Documents/data/person_shared_images/SR052N1D1day1stack1-10.png,512.0,512.0,spine,1.0,189.3125,314.9375,210.3125,336.6875
7,/home/fvogel/Documents/data/person_shared_images/SR052N1D1day1stack1-09.png,512.0,512.0,spine,1.0,130.3125,226.9375,143.9375,240.5625
5,/home/fvogel/Documents/data/person_shared_images/SR052N1D1day1stack1-09.png,512.0,512.0,spine,1.0,102.625,172.6875,118.125,191.5625
3,/home/fvogel/Documents/data/person_shared_images/SR052N1D1day1stack1-09.png,512.0,512.0,spine,1.0,163.6875,249.5625,182.5625,268.1875
4,/home/fvogel/Documents/data/person_shared_images/SR052N1D1day1stack1-10.png,512.0,512.0,spine,1.0,101.5,138.0,114.5,152.0
0,/home/fvogel/Documents/data/person_shared_images/SR052N1D1day1stack1-10.png,512.0,512.0,spine,1.0,231.9375,471.9375,249.4375,490.8125
2,/home/fvogel/Documents/data/person_shared_images/SR052N1D1day1stack1-10.png,512.0,512.0,spine,1.0,175.375,346.75,186.625,358.25
6,/home/fvogel/Documents/data/person_shared_images/SR052N1D1day1stack1-09.png,512.0,512.0,spine,1.0,111.5625,144.3125,126.5625,161.1875
8,/home/fvogel/Documents/data/person_shared_images/SR052N1D1day1stack1-11.png,512.0,512.0,spine,1.0,189.03125,316.40625,212.46875,338.96875
2,/home/fvogel/Documents/data/person_shared_images/SR052N1D1day1stack1-11.png,512.0,512.0,spine,1.0,176.875,348.6875,187.75,361.1875
6,/home/fvogel/Documents/data/person_shared_images/SR052N1D1day1stack1-10.png,512.0,512.0,spine,1.0,111.25,147.625,125.5,164.625
0,/home/fvogel/Documents/data/person_shared_images/SR052N1D1day1stack1-11.png,512.0,512.0,spine,1.0,230.90625,472.46875,247.46875,492.15625
3,/home/fvogel/Documents/data/person_shared_images/SR052N1D1day1stack1-10.png,512.0,512.0,spine,1.0,162.09375,248.75,180.15625,267.5
7,/home/fvogel/Documents/data/person_shared_images/SR052N1D1day1stack1-10.png,512.0,512.0,spine,1.0,129.5625,223.4375,144.1875,239.5625
9,/home/fvogel/Documents/data/person_shared_images/SR052N1D1day1stack1-10.png,512.0,512.0,spine,1.0,96.5,119.25,112.25,136.125
1,/home/fvogel/Documents/data/person_shared_images/SR052N1D1day1stack1-11.png,512.0,512.0,spine,1.0,220.9375,432.09375,238.4375,450.78125
5,/home/fvogel/Documents/data/person_shared_images/SR052N1D1day1stack1-10.png,512.0,512.0,spine,1.0,99.5,176.0625,116.0,192.6875
9,/home/fvogel/Documents/data/person_shared_images/SR052N1D1day1stack1-11.png,512.0,512.0,spine,1.0,97.25,121.375,110.75,137.5
6,/home/fvogel/Documents/data/person_shared_images/SR052N1D1day1stack1-11.png,512.0,512.0,spine,1.0,111.4375,148.5,125.0625,164.75
1,/home/fvogel/Documents/data/person_shared_images/SR052N1D1day1stack1-12.png,512.0,512.0,spine,1.0,221.0,433.28125,238.5,450.46875
0,/home/fvogel/Documents/data/person_shared_images/SR052N1D1day1stack1-12.png,512.0,512.0,spine,1.0,229.8125,473.8125,245.9375,492.9375
2,/home/fvogel/Documents/data/person_shared_images/SR052N1D1day1stack1-12.png,512.0,512.0,spine,1.0,175.375,346.625,186.625,357.875
3,/home/fvogel/Documents/data/person_shared_images/SR052N1D1day1stack1-11.png,512.0,512.0,spine,1.0,163.5,249.0,182.5,268.75
7,/home/fvogel/Documents/data/person_shared_images/SR052N1D1day1stack1-11.png,512.0,512.0,spine,1.0,129.5,224.6875,143.625,240.1875
5,/home/fvogel/Documents/data/person_shared_images/SR052N1D1day1stack1-11.png,512.0,512.0,spine,1.0,97.53125,174.3125,112.84375,191.0625
8,/home/fvogel/Documents/data/person_shared_images/SR052N1D1day1stack1-12.png,512.0,512.0,spine,1.0,187.6875,315.34375,210.6875,336.90625
10,/home/fvogel/Documents/data/person_shared_images/SR052N1D1day1stack1-11.png,512.0,512.0,spine,1.0,18.25,79.375,32.75,92.625
6,/home/fvogel/Documents/data/person_shared_images/SR052N1D1day1stack1-12.png,512.0,512.0,spine,1.0,110.53125,146.375,124.96875,163.5
2,/home/fvogel/Documents/data/person_shared_images/SR052N1D1day1stack1-13.png,512.0,512.0,spine,1.0,174.625,346.75,186.875,358.75
3,/home/fvogel/Documents/data/person_shared_images/SR052N1D1day1stack1-12.png,512.0,512.0,spine,1.0,165.125,248.25,183.625,269.25
15,/home/fvogel/Documents/data/person_shared_images/SR052N1D1day1stack1-12.png,512.0,512.0,spine,1.0,88.5,107.25,103.5,120.75
13,/home/fvogel/Documents/data/person_shared_images/SR052N1D1day1stack1-13.png,512.0,512.0,spine,1.0,373.875,239.75,393.125,260.75
12,/home/fvogel/Documents/data/person_shared_images/SR052N1D1day1stack1-12.png,512.0,512.0,spine,1.0,314.5,239.0,329.5,255.0
7,/home/fvogel/Documents/data/person_shared_images/SR052N1D1day1stack1-12.png,512.0,512.0,spine,1.0,130.1875,226.9375,144.0625,241.0625
10,/home/fvogel/Documents/data/person_shared_images/SR052N1D1day1stack1-12.png,512.0,512.0,spine,1.0,21.03125,78.25,35.96875,94.625
8,/home/fvogel/Documents/data/person_shared_images/SR052N1D1day1stack1-13.png,512.0,512.0,spine,1.0,184.5,316.15625,207.125,336.34375
14,/home/fvogel/Documents/data/person_shared_images/SR052N1D1day1stack1-13.png,512.0,512.0,spine,1.0,269.5,185.875,285.0,204.875
11,/home/fvogel/Documents/data/person_shared_images/SR052N1D1day1stack1-13.png,512.0,512.0,spine,1.0,141.8125,130.78125,159.5625,152.84375
0,/home/fvogel/Documents/data/person_shared_images/SR052N1D1day1stack1-13.png,512.0,512.0,spine,1.0,229.0625,471.03125,245.4375,488.34375
1,/home/fvogel/Documents/data/person_shared_images/SR052N1D1day1stack1-13.png,512.0,512.0,spine,1.0,218.625,434.21875,234.0,451.15625
9,/home/fvogel/Documents/data/person_shared_images/SR052N1D1day1stack1-12.png,512.0,512.0,spine,1.0,98.375,119.65625,111.25,135.46875
5,/home/fvogel/Documents/data/person_shared_images/SR052N1D1day1stack1-12.png,512.0,512.0,spine,1.0,97.8125,174.9375,112.6875,191.0625
0,/home/fvogel/Documents/data/person_shared_images/SR052N1D1day1stack1-14.png,512.0,512.0,spine,1.0,229.4375,472.53125,244.5625,488.84375
5,/home/fvogel/Documents/data/person_shared_images/SR052N1D1day1stack1-13.png,512.0,512.0,spine,1.0,97.5625,175.28125,112.6875,191.96875
3,/home/fvogel/Documents/data/person_shared_images/SR052N1D1day1stack1-13.png,512.0,512.0,spine,1.0,163.84375,248.40625,182.03125,267.34375
8,/home/fvogel/Documents/data/person_shared_images/SR052N1D1day1stack1-14.png,512.0,512.0,spine,1.0,186.03125,317.875,209.21875,338.125
6,/home/fvogel/Documents/data/person_shared_images/SR052N1D1day1stack1-13.png,512.0,512.0,spine,1.0,110.75,147.4375,125.375,165.4375
17,/home/fvogel/Documents/data/person_shared_images/SR052N1D1day1stack1-14.png,512.0,512.0,spine,1.0,71.40625,92.96875,88.46875,108.40625
15,/home/fvogel/Documents/data/person_shared_images/SR052N1D1day1stack1-13.png,512.0,512.0,spine,1.0,87.375,106.25,100.375,118.75
11,/home/fvogel/Documents/data/person_shared_images/SR052N1D1day1stack1-14.png,512.0,512.0,spine,1.0,140.375,129.125,158.125,149.25
2,/home/fvogel/Documents/data/person_shared_images/SR052N1D1day1stack1-14.png,512.0,512.0,spine,1.0,174.75,346.625,186.75,358.375
12,/home/fvogel/Documents/data/person_shared_images/SR052N1D1day1stack1-13.png,512.0,512.0,spine,1.0,311.71875,229.375,332.90625,251.625
9,/home/fvogel/Documents/data/person_shared_images/SR052N1D1day1stack1-13.png,512.0,512.0,spine,1.0,99.0,120.0625,111.25,134.1875
13,/home/fvogel/Documents/data/person_shared_images/SR052N1D1day1stack1-14.png,512.0,512.0,spine,1.0,374.125,239.03125,391.75,259.21875
10,/home/fvogel/Documents/data/person_shared_images/SR052N1D1day1stack1-13.png,512.0,512.0,spine,1.0,14.84375,73.3125,32.65625,92.6875
14,/home/fvogel/Documents/data/person_shared_images/SR052N1D1day1stack1-14.png,512.0,512.0,spine,1.0,273.875,184.78125,287.25,203.46875
16,/home/fvogel/Documents/data/person_shared_images/SR052N1D1day1stack1-13.png,512.0,512.0,spine,1.0,373.5,286.5,392.5,309.5
7,/home/fvogel/Documents/data/person_shared_images/SR052N1D1day1stack1-13.png,512.0,512.0,spine,1.0,128.875,224.8125,141.25,237.9375
1,/home/fvogel/Documents/data/person_shared_images/SR052N1D1day1stack1-14.png,512.0,512.0,spine,1.0,220.40625,435.875,237.21875,450.0
4,/home/fvogel/Documents/data/person_shared_images/SR052N1D1day1stack1-15.png,512.0,512.0,spine,1.0,100.5625,136.5625,113.1875,149.6875
10,/home/fvogel/Documents/data/person_shared_images/SR052N1D1day1stack1-14.png,512.0,512.0,spine,1.0,17.6875,75.3125,34.4375,95.4375
15,/home/fvogel/Documents/data/person_shared_images/SR052N1D1day1stack1-14.png,512.0,512.0,spine,1.0,86.25,107.15625,100.375,119.34375
8,/home/fvogel/Documents/data/person_shared_images/SR052N1D1day1stack1-15.png,512.0,512.0,spine,1.0,183.9375,317.9375,208.9375,337.6875
17,/home/fvogel/Documents/data/person_shared_images/SR052N1D1day1stack1-15.png,512.0,512.0,spine,1.0,68.71875,93.8125,87.15625,108.6875
5,/home/fvogel/Documents/data/person_shared_images/SR052N1D1day1stack1-14.png,512.0,512.0,spine,1.0,97.84375,175.34375,112.90625,192.03125
18,/home/fvogel/Documents/data/person_shared_images/SR052N1D1day1stack1-15.png,512.0,512.0,spine,1.0,313.90625,207.09375,325.34375,222.03125
3,/home/fvogel/Documents/data/person_shared_images/SR052N1D1day1stack1-14.png,512.0,512.0,spine,1.0,163.9375,248.75,181.8125,267.25
13,/home/fvogel/Documents/data/person_shared_images/SR052N1D1day1stack1-15.png,512.0,512.0,spine,1.0,372.1875,239.28125,391.4375,258.46875
6,/home/fvogel/Documents/data/person_shared_images/SR052N1D1day1stack1-14.png,512.0,512.0,spine,1.0,111.375,148.25,124.875,164.75
12,/home/fvogel/Documents/data/person_shared_images/SR052N1D1day1stack1-14.png,512.0,512.0,spine,1.0,310.25,233.15625,333.5,250.21875
14,/home/fvogel/Documents/data/person_shared_images/SR052N1D1day1stack1-15.png,512.0,512.0,spine,1.0,271.21875,185.28125,284.03125,205.34375
2,/home/fvogel/Documents/data/person_shared_images/SR052N1D1day1stack1-15.png,512.0,512.0,spine,1.0,175.5,346.5,186.5,357.5
11,/home/fvogel/Documents/data/person_shared_images/SR052N1D1day1stack1-15.png,512.0,512.0,spine,1.0,141.0625,129.75,157.0625,149.875
16,/home/fvogel/Documents/data/person_shared_images/SR052N1D1day1stack1-14.png,512.0,512.0,spine,1.0,376.40625,273.0625,393.09375,300.6875
7,/home/fvogel/Documents/data/person_shared_images/SR052N1D1day1stack1-14.png,512.0,512.0,spine,1.0,127.9375,223.8125,140.3125,236.9375
13,/home/fvogel/Documents/data/person_shared_images/SR052N1D1day1stack1-16.png,512.0,512.0,spine,1.0,368.46875,239.65625,388.78125,257.09375
14,/home/fvogel/Documents/data/person_shared_images/SR052N1D1day1stack1-16.png,512.0,512.0,spine,1.0,269.84375,184.28125,284.65625,203.34375
5,/home/fvogel/Documents/data/person_shared_images/SR052N1D1day1stack1-15.png,512.0,512.0,spine,1.0,98.125,175.5,113.125,192.0
11,/home/fvogel/Documents/data/person_shared_images/SR052N1D1day1stack1-16.png,512.0,512.0,spine,1.0,137.53125,130.875,155.96875,153.25
18,/home/fvogel/Documents/data/person_shared_images/SR052N1D1day1stack1-16.png,512.0,512.0,spine,1.0,313.53125,203.9375,328.84375,223.8125
17,/home/fvogel/Documents/data/person_shared_images/SR052N1D1day1stack1-16.png,512.0,512.0,spine,1.0,70.71875,92.0625,89.15625,106.5625
15,/home/fvogel/Documents/data/person_shared_images/SR052N1D1day1stack1-15.png,512.0,512.0,spine,1.0,84.40625,107.96875,100.96875,119.90625
4,/home/fvogel/Documents/data/person_shared_images/SR052N1D1day1stack1-16.png,512.0,512.0,spine,1.0,99.75,140.1875,112.375,153.6875
10,/home/fvogel/Documents/data/person_shared_images/SR052N1D1day1stack1-15.png,512.0,512.0,spine,1.0,18.09375,77.40625,32.65625,94.09375
20,/home/fvogel/Documents/data/person_shared_images/SR052N1D1day1stack1-16.png,512.0,512.0,spine,1.0,42.0,68.0,52.0,78.0
12,/home/fvogel/Documents/data/person_shared_images/SR052N1D1day1stack1-15.png,512.0,512.0,spine,1.0,311.34375,233.25,333.15625,251.125
2,/home/fvogel/Documents/data/person_shared_images/SR052N1D1day1stack1-16.png,512.0,512.0,spine,1.0,175.5,346.5,186.5,357.5
19,/home/fvogel/Documents/data/person_shared_images/SR052N1D1day1stack1-15.png,512.0,512.0,spine,1.0,39.5,44.0,72.5,61.0
16,/home/fvogel/Documents/data/person_shared_images/SR052N1D1day1stack1-15.png,512.0,512.0,spine,1.0,374.59375,276.9375,391.90625,300.6875
6,/home/fvogel/Documents/data/person_shared_images/SR052N1D1day1stack1-15.png,512.0,512.0,spine,1.0,108.25,148.0625,121.25,163.4375
15,/home/fvogel/Documents/data/person_shared_images/SR052N1D1day1stack1-16.png,512.0,512.0,spine,1.0,85.1875,106.5,101.9375,120.0
21,/home/fvogel/Documents/data/person_shared_images/SR052N1D1day1stack1-17.png,512.0,512.0,spine,1.0,28.03125,31.34375,55.71875,48.65625
13,/home/fvogel/Documents/data/person_shared_images/SR052N1D1day1stack1-17.png,512.0,512.0,spine,1.0,369.4375,239.03125,388.4375,258.59375
22,/home/fvogel/Documents/data/person_shared_images/SR052N1D1day1stack1-16.png,512.0,512.0,spine,1.0,452.25,263.5,471.25,284.5
10,/home/fvogel/Documents/data/person_shared_images/SR052N1D1day1stack1-16.png,512.0,512.0,spine,1.0,16.59375,70.6875,31.03125,93.3125
5,/home/fvogel/Documents/data/person_shared_images/SR052N1D1day1stack1-16.png,512.0,512.0,spine,1.0,97.5,175.0,112.5,191.0
4,/home/fvogel/Documents/data/person_shared_images/SR052N1D1day1stack1-17.png,512.0,512.0,spine,1.0,99.8125,140.25,112.4375,153.75
6,/home/fvogel/Documents/data/person_shared_images/SR052N1D1day1stack1-16.png,512.0,512.0,spine,1.0,109.5625,149.0625,124.0625,165.1875
16,/home/fvogel/Documents/data/person_shared_images/SR052N1D1day1stack1-16.png,512.0,512.0,spine,1.0,371.75,275.21875,389.625,299.15625
17,/home/fvogel/Documents/data/person_shared_images/SR052N1D1day1stack1-17.png,512.0,512.0,spine,1.0,70.40625,90.46875,89.71875,109.53125
23,/home/fvogel/Documents/data/person_shared_images/SR052N1D1day1stack1-15.png,512.0,512.0,spine,1.0,2.25,50.0,15.75,64.0
20,/home/fvogel/Documents/data/person_shared_images/SR052N1D1day1stack1-17.png,512.0,512.0,spine,1.0,37.75,68.75,49.0,80.5
12,/home/fvogel/Documents/data/person_shared_images/SR052N1D1day1stack1-16.png,512.0,512.0,spine,1.0,307.0,233.84375,328.75,251.78125
19,/home/fvogel/Documents/data/person_shared_images/SR052N1D1day1stack1-16.png,512.0,512.0,spine,1.0,28.78125,44.21875,68.84375,64.65625
11,/home/fvogel/Documents/data/person_shared_images/SR052N1D1day1stack1-17.png,512.0,512.0,spine,1.0,140.125,130.5,157.625,151.375
18,/home/fvogel/Documents/data/person_shared_images/SR052N1D1day1stack1-17.png,512.0,512.0,spine,1.0,311.3125,204.25,327.4375,222.0
16,/home/fvogel/Documents/data/person_shared_images/SR052N1D1day1stack1-17.png,512.0,512.0,spine,1.0,372.65625,274.46875,391.71875,299.15625
20,/home/fvogel/Documents/data/person_shared_images/SR052N1D1day1stack1-18.png,512.0,512.0,spine,1.0,41.4375,68.5625,52.3125,81.1875
22,/home/fvogel/Documents/data/person_shared_images/SR052N1D1day1stack1-17.png,512.0,512.0,spine,1.0,452.875,264.28125,473.125,282.71875
12,/home/fvogel/Documents/data/person_shared_images/SR052N1D1day1stack1-17.png,512.0,512.0,spine,1.0,308.3125,232.90625,328.8125,252.46875
11,/home/fvogel/Documents/data/person_shared_images/SR052N1D1day1stack1-18.png,512.0,512.0,spine,1.0,140.4375,130.9375,155.5625,148.8125
21,/home/fvogel/Documents/data/person_shared_images/SR052N1D1day1stack1-18.png,512.0,512.0,spine,1.0,25.46875,30.25,56.40625,48.875
23,/home/fvogel/Documents/data/person_shared_images/SR052N1D1day1stack1-16.png,512.0,512.0,spine,1.0,1.0625,46.6875,13.4375,63.0625
17,/home/fvogel/Documents/data/person_shared_images/SR052N1D1day1stack1-18.png,512.0,512.0,spine,1.0,72.03125,93.46875,90.34375,111.40625
13,/home/fvogel/Documents/data/person_shared_images/SR052N1D1day1stack1-18.png,512.0,512.0,spine,1.0,370.03125,239.71875,387.46875,259.90625
19,/home/fvogel/Documents/data/person_shared_images/SR052N1D1day1stack1-17.png,512.0,512.0,spine,1.0,34.28125,45.71875,71.84375,62.28125
10,/home/fvogel/Documents/data/person_shared_images/SR052N1D1day1stack1-17.png,512.0,512.0,spine,1.0,15.84375,73.9375,30.15625,92.1875
18,/home/fvogel/Documents/data/person_shared_images/SR052N1D1day1stack1-18.png,512.0,512.0,spine,1.0,315.71875,205.5625,330.15625,225.8125
4,/home/fvogel/Documents/data/person_shared_images/SR052N1D1day1stack1-18.png,512.0,512.0,spine,1.0,99.5,140.0,112.5,154.0
22,/home/fvogel/Documents/data/person_shared_images/SR052N1D1day1stack1-18.png,512.0,512.0,spine,1.0,453.1875,264.4375,473.4375,284.8125
16,/home/fvogel/Documents/data/person_shared_images/SR052N1D1day1stack1-18.png,512.0,512.0,spine,1.0,371.625,275.78125,389.25,299.84375
11,/home/fvogel/Documents/data/person_shared_images/SR052N1D1day1stack1-19.png,512.0,512.0,spine,1.0,139.0625,133.0,154.4375,149.0
13,/home/fvogel/Documents/data/person_shared_images/SR052N1D1day1stack1-19.png,512.0,512.0,spine,1.0,369.5,239.46875,389.375,258.78125
19,/home/fvogel/Documents/data/person_shared_images/SR052N1D1day1stack1-18.png,512.0,512.0,spine,1.0,36.5625,46.15625,71.4375,63.96875
21,/home/fvogel/Documents/data/person_shared_images/SR052N1D1day1stack1-19.png,512.0,512.0,spine,1.0,23.0625,31.3125,56.3125,52.1875
12,/home/fvogel/Documents/data/person_shared_images/SR052N1D1day1stack1-18.png,512.0,512.0,spine,1.0,309.75,236.1875,329.75,253.0625
17,/home/fvogel/Documents/data/person_shared_images/SR052N1D1day1stack1-19.png,512.0,512.0,spine,1.0,73.5,91.4375,90.75,110.8125
23,/home/fvogel/Documents/data/person_shared_images/SR052N1D1day1stack1-17.png,512.0,512.0,spine,1.0,4.0,47.8125,16.875,62.3125
18,/home/fvogel/Documents/data/person_shared_images/SR052N1D1day1stack1-19.png,512.0,512.0,spine,1.0,314.71875,202.8125,327.65625,221.5625
4,/home/fvogel/Documents/data/person_shared_images/SR052N1D1day1stack1-19.png,512.0,512.0,spine,1.0,99.5,140.0,112.5,154.0
10,/home/fvogel/Documents/data/person_shared_images/SR052N1D1day1stack1-18.png,512.0,512.0,spine,1.0,18.6875,73.25,33.5625,93.875
20,/home/fvogel/Documents/data/person_shared_images/SR052N1D1day1stack1-19.png,512.0,512.0,spine,1.0,39.90625,68.53125,51.34375,81.34375
19,/home/fvogel/Documents/data/person_shared_images/SR052N1D1day1stack1-19.png,512.0,512.0,spine,1.0,36.8125,48.15625,72.3125,65.71875
16,/home/fvogel/Documents/data/person_shared_images/SR052N1D1day1stack1-19.png,512.0,512.0,spine,1.0,370.4375,277.84375,387.5625,298.40625
20,/home/fvogel/Documents/data/person_shared_images/SR052N1D1day1stack2-04.png,512.0,512.0,spine,1.0,38.625,69.875,51.375,81.625
22,/home/fvogel/Documents/data/person_shared_images/SR052N1D1day1stack1-19.png,512.0,512.0,spine,1.0,449.84375,264.3125,471.28125,285.1875
4,/home/fvogel/Documents/data/person_shared_images/SR052N1D1day1stack2-04.png,512.0,512.0,spine,1.0,99.5,140.0,112.5,154.0
17,/home/fvogel/Documents/data/person_shared_images/SR052N1D1day1stack2-04.png,512.0,512.0,spine,1.0,73.5,91.4375,90.75,110.8125
12,/home/fvogel/Documents/data/person_shared_images/SR052N1D1day1stack1-19.png,512.0,512.0,spine,1.0,310.3125,232.5625,330.3125,251.6875
25,/home/fvogel/Documents/data/person_shared_images/SR052N1D1day1stack2-04.png,512.0,512.0,spine,1.0,350.6875,903.4375,369.8125,924.0625
21,/home/fvogel/Documents/data/person_shared_images/SR052N1D1day1stack2-04.png,512.0,512.0,spine,1.0,23.0625,31.3125,56.3125,52.1875
13,/home/fvogel/Documents/data/person_shared_images/SR052N1D1day1stack2-04.png,512.0,512.0,spine,1.0,369.5,239.46875,389.375,258.78125
25,/home/fvogel/Documents/data/person_shared_images/SR052N1D1day1stack2-05.png,512.0,512.0,spine,1.0,353.6875,902.5,371.4375,922.5
26,/home/fvogel/Documents/data/person_shared_images/SR052N1D1day1stack2-05.png,512.0,512.0,spine,1.0,320.78125,685.34375,337.46875,696.28125
27,/home/fvogel/Documents/data/person_shared_images/SR052N1D1day1stack2-05.png,512.0,512.0,spine,1.0,376.625,852.625,388.5,865.375
25,/home/fvogel/Documents/data/person_shared_images/SR052N1D1day1stack2-06.png,512.0,512.0,spine,1.0,352.875,905.0625,371.0,923.5625
29,/home/fvogel/Documents/data/person_shared_images/SR052N1D1day1stack2-06.png,512.0,512.0,spine,1.0,374.375,882.25,396.375,902.25
26,/home/fvogel/Documents/data/person_shared_images/SR052N1D1day1stack2-06.png,512.0,512.0,spine,1.0,321.59375,685.84375,337.03125,697.78125
30,/home/fvogel/Documents/data/person_shared_images/SR052N1D1day1stack2-04.png,512.0,512.0,spine,1.0,203.75,579.75,235.25,606.25
28,/home/fvogel/Documents/data/person_shared_images/SR052N1D1day1stack2-04.png,512.0,512.0,spine,1.0,323.0,666.0,345.0,686.0
27,/home/fvogel/Documents/data/person_shared_images/SR052N1D1day1stack2-06.png,512.0,512.0,spine,1.0,375.25,852.40625,386.75,866.84375
31,/home/fvogel/Documents/data/person_shared_images/SR052N1D1day1stack2-06.png,512.0,512.0,spine,1.0,401.3125,862.3125,418.6875,880.6875
32,/home/fvogel/Documents/data/person_shared_images/SR052N1D1day1stack2-07.png,512.0,512.0,spine,1.0,283.25,651.375,298.5,665.375
27,/home/fvogel/Documents/data/person_shared_images/SR052N1D1day1stack2-07.png,512.0,512.0,spine,1.0,375.5,853.71875,385.875,867.03125
31,/home/fvogel/Documents/data/person_shared_images/SR052N1D1day1stack2-07.png,512.0,512.0,spine,1.0,401.0625,863.1875,419.1875,880.8125
26,/home/fvogel/Documents/data/person_shared_images/SR052N1D1day1stack2-07.png,512.0,512.0,spine,1.0,325.3125,683.375,342.1875,696.875
29,/home/fvogel/Documents/data/person_shared_images/SR052N1D1day1stack2-07.png,512.0,512.0,spine,1.0,374.125,882.25,396.375,902.75
30,/home/fvogel/Documents/data/person_shared_images/SR052N1D1day1stack2-05.png,512.0,512.0,spine,1.0,207.0,572.875,240.75,603.375
28,/home/fvogel/Documents/data/person_shared_images/SR052N1D1day1stack2-05.png,512.0,512.0,spine,1.0,318.5625,667.6875,343.9375,686.8125
25,/home/fvogel/Documents/data/person_shared_images/SR052N1D1day1stack2-07.png,512.0,512.0,spine,1.0,353.5,902.0625,369.0,920.1875
32,/home/fvogel/Documents/data/person_shared_images/SR052N1D1day1stack2-08.png,512.0,512.0,spine,1.0,269.3125,652.0,295.1875,669.75
28,/home/fvogel/Documents/data/person_shared_images/SR052N1D1day1stack2-06.png,512.0,512.0,spine,1.0,320.5625,665.6875,347.6875,687.0625
30,/home/fvogel/Documents/data/person_shared_images/SR052N1D1day1stack2-06.png,512.0,512.0,spine,1.0,205.5,576.0625,241.0,605.0625
29,/home/fvogel/Documents/data/person_shared_images/SR052N1D1day1stack2-08.png,512.0,512.0,spine,1.0,373.9375,882.1875,396.0625,902.5625
31,/home/fvogel/Documents/data/person_shared_images/SR052N1D1day1stack2-08.png,512.0,512.0,spine,1.0,401.0625,862.4375,418.9375,880.5625
25,/home/fvogel/Documents/data/person_shared_images/SR052N1D1day1stack2-08.png,512.0,512.0,spine,1.0,351.40625,903.875,368.71875,922.625
26,/home/fvogel/Documents/data/person_shared_images/SR052N1D1day1stack2-08.png,512.0,512.0,spine,1.0,325.5625,683.3125,342.1875,696.9375
32,/home/fvogel/Documents/data/person_shared_images/SR052N1D1day1stack2-09.png,512.0,512.0,spine,1.0,268.1875,652.0,294.8125,669.5
30,/home/fvogel/Documents/data/person_shared_images/SR052N1D1day1stack2-07.png,512.0,512.0,spine,1.0,205.5625,576.3125,240.9375,605.9375
28,/home/fvogel/Documents/data/person_shared_images/SR052N1D1day1stack2-07.png,512.0,512.0,spine,1.0,320.9375,665.78125,347.3125,687.09375
26,/home/fvogel/Documents/data/person_shared_images/SR052N1D1day1stack2-09.png,512.0,512.0,spine,1.0,325.25,683.0625,341.5,696.6875
25,/home/fvogel/Documents/data/person_shared_images/SR052N1D1day1stack2-09.png,512.0,512.0,spine,1.0,350.40625,903.625,368.21875,921.875
31,/home/fvogel/Documents/data/person_shared_images/SR052N1D1day1stack2-09.png,512.0,512.0,spine,1.0,401.0625,863.0,418.9375,880.5
29,/home/fvogel/Documents/data/person_shared_images/SR052N1D1day1stack2-09.png,512.0,512.0,spine,1.0,374.25,881.6875,396.25,901.8125
32,/home/fvogel/Documents/data/person_shared_images/SR052N1D1day1stack2-10.png,512.0,512.0,spine,1.0,268.4375,652.0,294.3125,670.0
0,/home/fvogel/Documents/data/person_shared_images/SR052N1D1day1stack1-15.png,512.0,512.0,spine,1.0,229.5,473.0,245.5,491.0
26,/home/fvogel/Documents/data/person_shared_images/SR052N1D1day1stack2-10.png,512.0,512.0,spine,1.0,320.9375,682.125,337.0625,692.125
31,/home/fvogel/Documents/data/person_shared_images/SR052N1D1day1stack2-10.png,512.0,512.0,spine,1.0,400.6875,863.375,419.0625,881.125
29,/home/fvogel/Documents/data/person_shared_images/SR052N1D1day1stack2-10.png,512.0,512.0,spine,1.0,373.6875,882.8125,395.8125,902.6875
28,/home/fvogel/Documents/data/person_shared_images/SR052N1D1day1stack2-08.png,512.0,512.0,spine,1.0,320.625,665.0,347.375,686.75
30,/home/fvogel/Documents/data/person_shared_images/SR052N1D1day1stack2-08.png,512.0,512.0,spine,1.0,205.6875,575.8125,241.3125,603.9375
1,/home/fvogel/Documents/data/person_shared_images/SR052N1D1day1stack1-15.png,512.0,512.0,spine,1.0,220.0625,435.5,238.1875,450.0
33,/home/fvogel/Documents/data/person_shared_images/SR052N1D1day1stack2-10.png,512.0,512.0,spine,1.0,240.75,521.625,263.25,536.875
28,/home/fvogel/Documents/data/person_shared_images/SR052N1D1day1stack2-09.png,512.0,512.0,spine,1.0,319.9375,665.0,347.3125,686.75
32,/home/fvogel/Documents/data/person_shared_images/SR052N1D1day1stack2-11.png,512.0,512.0,spine,1.0,268.0625,652.25,294.9375,670.25
30,/home/fvogel/Documents/data/person_shared_images/SR052N1D1day1stack2-09.png,512.0,512.0,spine,1.0,208.1875,572.75,243.3125,603.75
29,/home/fvogel/Documents/data/person_shared_images/SR052N1D1day1stack2-11.png,512.0,512.0,spine,1.0,373.875,882.75,395.875,902.5
26,/home/fvogel/Documents/data/person_shared_images/SR052N1D1day1stack2-11.png,512.0,512.0,spine,1.0,320.9375,682.125,337.0625,692.125
0,/home/fvogel/Documents/data/person_shared_images/SR052N1D1day1stack1-16.png,512.0,512.0,spine,1.0,229.5,473.0,245.5,491.0
31,/home/fvogel/Documents/data/person_shared_images/SR052N1D1day1stack2-11.png,512.0,512.0,spine,1.0,400.0625,860.125,416.4375,882.375
32,/home/fvogel/Documents/data/person_shared_images/SR052N1D1day1stack2-12.png,512.0,512.0,spine,1.0,267.5625,650.6875,294.3125,670.3125
29,/home/fvogel/Documents/data/person_shared_images/SR052N1D1day1stack2-12.png,512.0,512.0,spine,1.0,373.5625,882.8125,396.1875,902.4375
33,/home/fvogel/Documents/data/person_shared_images/SR052N1D1day1stack2-11.png,512.0,512.0,spine,1.0,238.59375,522.875,265.90625,538.5
0,/home/fvogel/Documents/data/person_shared_images/SR052N1D1day1stack2-10.png,512.0,512.0,spine,1.0,228.0,477.0625,244.5,492.4375
30,/home/fvogel/Documents/data/person_shared_images/SR052N1D1day1stack2-10.png,512.0,512.0,spine,1.0,207.125,574.375,243.125,604.625
1,/home/fvogel/Documents/data/person_shared_images/SR052N1D1day1stack1-16.png,512.0,512.0,spine,1.0,219.0,434.5,245.0,449.5
28,/home/fvogel/Documents/data/person_shared_images/SR052N1D1day1stack2-10.png,512.0,512.0,spine,1.0,314.8125,664.28125,342.9375,681.71875
31,/home/fvogel/Documents/data/person_shared_images/SR052N1D1day1stack2-12.png,512.0,512.0,spine,1.0,397.6875,862.34375,414.3125,881.90625
29,/home/fvogel/Documents/data/person_shared_images/SR052N1D1day1stack2-13.png,512.0,512.0,spine,1.0,373.75,883.0625,395.75,902.4375
32,/home/fvogel/Documents/data/person_shared_images/SR052N1D1day1stack2-13.png,512.0,512.0,spine,1.0,268.90625,650.28125,296.71875,671.09375
0,/home/fvogel/Documents/data/person_shared_images/SR052N1D1day1stack2-11.png,512.0,512.0,spine,1.0,225.46875,474.8125,243.15625,491.6875
1,/home/fvogel/Documents/data/person_shared_images/SR052N1D1day1stack2-10.png,512.0,512.0,spine,1.0,220.0,433.25,230.0,445.75
30,/home/fvogel/Documents/data/person_shared_images/SR052N1D1day1stack2-11.png,512.0,512.0,spine,1.0,207.4375,572.875,243.0625,603.5
33,/home/fvogel/Documents/data/person_shared_images/SR052N1D1day1stack2-12.png,512.0,512.0,spine,1.0,242.1875,522.1875,264.3125,536.0625
31,/home/fvogel/Documents/data/person_shared_images/SR052N1D1day1stack2-13.png,512.0,512.0,spine,1.0,399.6875,861.34375,416.6875,881.03125
33,/home/fvogel/Documents/data/person_shared_images/SR052N1D1day1stack2-13.png,512.0,512.0,spine,1.0,242.0625,523.0625,264.6875,536.4375
30,/home/fvogel/Documents/data/person_shared_images/SR052N1D1day1stack2-12.png,512.0,512.0,spine,1.0,206.3125,575.375,241.1875,605.625
0,/home/fvogel/Documents/data/person_shared_images/SR052N1D1day1stack2-12.png,512.0,512.0,spine,1.0,226.3125,475.65625,241.9375,491.71875
34,/home/fvogel/Documents/data/person_shared_images/SR052N1D1day1stack2-14.png,512.0,512.0,spine,1.0,243.0,534.5,259.0,547.5
1,/home/fvogel/Documents/data/person_shared_images/SR052N1D1day1stack2-11.png,512.0,512.0,spine,1.0,216.0,430.34375,233.625,449.15625
31,/home/fvogel/Documents/data/person_shared_images/SR052N1D1day1stack2-14.png,512.0,512.0,spine,1.0,401.65625,862.375,417.71875,880.75
29,/home/fvogel/Documents/data/person_shared_images/SR052N1D1day1stack2-14.png,512.0,512.0,spine,1.0,373.8125,882.6875,396.1875,902.3125
31,/home/fvogel/Documents/data/person_shared_images/SR052N1D1day1stack2-15.png,512.0,512.0,spine,1.0,402.8125,862.75,419.9375,879.5
1,/home/fvogel/Documents/data/person_shared_images/SR052N1D1day1stack2-12.png,512.0,512.0,spine,1.0,218.03125,430.5625,233.34375,449.4375
29,/home/fvogel/Documents/data/person_shared_images/SR052N1D1day1stack2-15.png,512.0,512.0,spine,1.0,375.625,881.875,396.375,901.625
30,/home/fvogel/Documents/data/person_shared_images/SR052N1D1day1stack2-13.png,512.0,512.0,spine,1.0,206.625,575.53125,241.625,605.34375
0,/home/fvogel/Documents/data/person_shared_images/SR052N1D1day1stack2-13.png,512.0,512.0,spine,1.0,224.96875,474.4375,241.15625,493.1875
34,/home/fvogel/Documents/data/person_shared_images/SR052N1D1day1stack2-15.png,512.0,512.0,spine,1.0,243.0,534.25,259.5,547.75
33,/home/fvogel/Documents/data/person_shared_images/SR052N1D1day1stack2-14.png,512.0,512.0,spine,1.0,242.0625,522.25,264.1875,536.75
0,/home/fvogel/Documents/data/person_shared_images/SR052N1D1day1stack2-14.png,512.0,512.0,spine,1.0,227.4375,473.65625,243.3125,491.21875
30,/home/fvogel/Documents/data/person_shared_images/SR052N1D1day1stack2-14.png,512.0,512.0,spine,1.0,206.6875,574.5625,241.3125,603.6875
34,/home/fvogel/Documents/data/person_shared_images/SR052N1D1day1stack2-16.png,512.0,512.0,spine,1.0,243.0,534.5,259.0,547.5
1,/home/fvogel/Documents/data/person_shared_images/SR052N1D1day1stack2-13.png,512.0,512.0,spine,1.0,215.0,429.96875,234.375,448.15625
1,/home/fvogel/Documents/data/person_shared_images/SR052N1D1day1stack2-14.png,512.0,512.0,spine,1.0,216.53125,430.96875,234.21875,448.53125
34,/home/fvogel/Documents/data/person_shared_images/SR052N1D1day1stack2-17.png,512.0,512.0,spine,1.0,243.0,531.0,259.0,544.0
0,/home/fvogel/Documents/data/person_shared_images/SR052N1D1day1stack2-15.png,512.0,512.0,spine,1.0,225.40625,471.6875,241.34375,487.1875
34,/home/fvogel/Documents/data/person_shared_images/SR052N1D1day1stack2-18.png,512.0,512.0,spine,1.0,241.75,531.0,258.25,544.5
25,/home/fvogel/Documents/data/person_shared_images/SR052N1D1day1stack2-10.png,512.0,512.0,spine,1.0,345.5,900.5,366.5,923.5
35,/home/fvogel/Documents/data/person_shared_images/SR052N1D1day1stack3-04.png,512.0,512.0,spine,1.0,387.40625,935.375,409.59375,955.375
34,/home/fvogel/Documents/data/person_shared_images/SR052N1D1day1stack2-19.png,512.0,512.0,spine,1.0,240.5,526.0,259.5,544.0
36,/home/fvogel/Documents/data/person_shared_images/SR052N1D1day1stack3-04.png,512.0,512.0,spine,1.0,425.125,1029.75,439.375,1046.5
38,/home/fvogel/Documents/data/person_shared_images/SR052N1D1day1stack3-04.png,512.0,512.0,spine,1.0,402.0,957.5,410.0,971.5
36,/home/fvogel/Documents/data/person_shared_images/SR052N1D1day1stack3-05.png,512.0,512.0,spine,1.0,423.40625,1026.875,441.09375,1041.75
25,/home/fvogel/Documents/data/person_shared_images/SR052N1D1day1stack2-11.png,512.0,512.0,spine,1.0,345.5,900.5,366.5,923.5
38,/home/fvogel/Documents/data/person_shared_images/SR052N1D1day1stack3-05.png,512.0,512.0,spine,1.0,400.0,955.75,415.0,972.75
35,/home/fvogel/Documents/data/person_shared_images/SR052N1D1day1stack3-05.png,512.0,512.0,spine,1.0,387.90625,931.9375,411.71875,953.0625
39,/home/fvogel/Documents/data/person_shared_images/SR052N1D1day1stack3-06.png,512.0,512.0,spine,1.0,503.25,932.125,523.25,956.125
27,/home/fvogel/Documents/data/person_shared_images/SR052N1D1day1stack2-08.png,512.0,512.0,spine,1.0,376.0,855.0,385.5,869.0
38,/home/fvogel/Documents/data/person_shared_images/SR052N1D1day1stack3-06.png,512.0,512.0,spine,1.0,398.8125,960.3125,413.9375,974.4375
35,/home/fvogel/Documents/data/person_shared_images/SR052N1D1day1stack3-06.png,512.0,512.0,spine,1.0,388.0625,933.28125,409.9375,955.84375
40,/home/fvogel/Documents/data/person_shared_images/SR052N1D1day1stack3-05.png,512.0,512.0,spine,1.0,408.5,1010.5,424.5,1027.5
25,/home/fvogel/Documents/data/person_shared_images/SR052N1D1day1stack3-04.png,512.0,512.0,spine,1.0,354.875,905.8125,371.375,928.1875
36,/home/fvogel/Documents/data/person_shared_images/SR052N1D1day1stack3-06.png,512.0,512.0,spine,1.0,425.9375,1026.28125,443.5625,1043.84375
41,/home/fvogel/Documents/data/person_shared_images/SR052N1D1day1stack3-05.png,512.0,512.0,spine,1.0,588.5,968.5,611.5,995.5
29,/home/fvogel/Documents/data/person_shared_images/SR052N1D1day1stack2-16.png,512.0,512.0,spine,1.0,375.0,880.5,396.0,900.5
31,/home/fvogel/Documents/data/person_shared_images/SR052N1D1day1stack2-16.png,512.0,512.0,spine,1.0,402.0,862.5,420.0,879.5
42,/home/fvogel/Documents/data/person_shared_images/SR052N1D1day1stack3-07.png,512.0,512.0,spine,1.0,626.4375,1000.625,641.4375,1013.125
39,/home/fvogel/Documents/data/person_shared_images/SR052N1D1day1stack3-07.png,512.0,512.0,spine,1.0,503.75,933.4375,524.0,956.8125
38,/home/fvogel/Documents/data/person_shared_images/SR052N1D1day1stack3-07.png,512.0,512.0,spine,1.0,398.0625,958.625,412.4375,971.625
35,/home/fvogel/Documents/data/person_shared_images/SR052N1D1day1stack3-07.png,512.0,512.0,spine,1.0,389.625,931.0625,410.0,954.4375
25,/home/fvogel/Documents/data/person_shared_images/SR052N1D1day1stack3-05.png,512.0,512.0,spine,1.0,351.75,902.8125,368.375,925.5625
40,/home/fvogel/Documents/data/person_shared_images/SR052N1D1day1stack3-06.png,512.0,512.0,spine,1.0,410.375,1007.875,423.625,1022.625
36,/home/fvogel/Documents/data/person_shared_images/SR052N1D1day1stack3-07.png,512.0,512.0,spine,1.0,426.28125,1028.28125,444.21875,1044.21875
41,/home/fvogel/Documents/data/person_shared_images/SR052N1D1day1stack3-06.png,512.0,512.0,spine,1.0,588.75,973.875,605.5,993.625
45,/home/fvogel/Documents/data/person_shared_images/SR052N1D1day1stack3-05.png,512.0,512.0,spine,1.0,552.0,954.0,568.0,974.0
29,/home/fvogel/Documents/data/person_shared_images/SR052N1D1day1stack2-17.png,512.0,512.0,spine,1.0,372.5,877.5,395.5,900.5
43,/home/fvogel/Documents/data/person_shared_images/SR052N1D1day1stack3-06.png,512.0,512.0,spine,1.0,830.0,1114.0,846.0,1128.0
44,/home/fvogel/Documents/data/person_shared_images/SR052N1D1day1stack3-06.png,512.0,512.0,spine,1.0,679.5,1000.0,700.5,1022.0
27,/home/fvogel/Documents/data/person_shared_images/SR052N1D1day1stack2-09.png,512.0,512.0,spine,1.0,378.0,855.0,386.0,871.0
46,/home/fvogel/Documents/data/person_shared_images/SR052N1D1day1stack3-06.png,512.0,512.0,spine,1.0,730.5,1014.5,753.5,1037.5
48,/home/fvogel/Documents/data/person_shared_images/SR052N1D1day1stack3-07.png,512.0,512.0,spine,1.0,834.8125,1089.6875,848.6875,1105.5625
35,/home/fvogel/Documents/data/person_shared_images/SR052N1D1day1stack3-08.png,512.0,512.0,spine,1.0,391.96875,928.25,410.53125,953.375
27,/home/fvogel/Documents/data/person_shared_images/SR052N1D1day1stack3-05.png,512.0,512.0,spine,1.0,379.5,852.5,390.5,865.5
46,/home/fvogel/Documents/data/person_shared_images/SR052N1D1day1stack3-07.png,512.0,512.0,spine,1.0,732.0,1025.0,754.0,1043.0
44,/home/fvogel/Documents/data/person_shared_images/SR052N1D1day1stack3-07.png,512.0,512.0,spine,1.0,679.5,1000.0,700.5,1022.0
36,/home/fvogel/Documents/data/person_shared_images/SR052N1D1day1stack3-08.png,512.0,512.0,spine,1.0,423.28125,1024.40625,438.34375,1039.21875
40,/home/fvogel/Documents/data/person_shared_images/SR052N1D1day1stack3-07.png,512.0,512.0,spine,1.0,411.125,1008.0,422.875,1025.0
31,/home/fvogel/Documents/data/person_shared_images/SR052N1D1day1stack3-07.png,512.0,512.0,spine,1.0,402.9375,862.53125,417.6875,882.59375
39,/home/fvogel/Documents/data/person_shared_images/SR052N1D1day1stack3-08.png,512.0,512.0,spine,1.0,503.4375,933.3125,523.8125,956.6875
41,/home/fvogel/Documents/data/person_shared_images/SR052N1D1day1stack3-07.png,512.0,512.0,spine,1.0,585.4375,976.15625,602.9375,988.84375
43,/home/fvogel/Documents/data/person_shared_images/SR052N1D1day1stack3-07.png,512.0,512.0,spine,1.0,821.5,1110.25,846.5,1130.75
38,/home/fvogel/Documents/data/person_shared_images/SR052N1D1day1stack3-08.png,512.0,512.0,spine,1.0,399.375,958.625,414.125,973.375
25,/home/fvogel/Documents/data/person_shared_images/SR052N1D1day1stack3-06.png,512.0,512.0,spine,1.0,353.46875,900.4375,370.53125,923.5625
42,/home/fvogel/Documents/data/person_shared_images/SR052N1D1day1stack3-08.png,512.0,512.0,spine,1.0,625.625,1001.4375,640.375,1014.3125
45,/home/fvogel/Documents/data/person_shared_images/SR052N1D1day1stack3-06.png,512.0,512.0,spine,1.0,552.75,957.875,566.25,974.625
29,/home/fvogel/Documents/data/person_shared_images/SR052N1D1day1stack3-06.png,512.0,512.0,spine,1.0,378.4375,880.0625,391.8125,895.9375
47,/home/fvogel/Documents/data/person_shared_images/SR052N1D1day1stack3-08.png,512.0,512.0,spine,1.0,761.375,1060.0625,774.625,1075.6875
31,/home/fvogel/Documents/data/person_shared_images/SR052N1D1day1stack3-08.png,512.0,512.0,spine,1.0,401.9375,862.875,418.5625,883.0
36,/home/fvogel/Documents/data/person_shared_images/SR052N1D1day1stack3-09.png,512.0,512.0,spine,1.0,424.125,1026.625,441.25,1043.875
41,/home/fvogel/Documents/data/person_shared_images/SR052N1D1day1stack3-08.png,512.0,512.0,spine,1.0,586.9375,977.9375,602.5625,993.1875
25,/home/fvogel/Documents/data/person_shared_images/SR052N1D1day1stack3-07.png,512.0,512.0,spine,1.0,355.0,903.4375,370.875,924.0625
45,/home/fvogel/Documents/data/person_shared_images/SR052N1D1day1stack3-07.png,512.0,512.0,spine,1.0,552.625,959.125,566.5,971.75
43,/home/fvogel/Documents/data/person_shared_images/SR052N1D1day1stack3-08.png,512.0,512.0,spine,1.0,818.0625,1111.75,845.4375,1130.25
39,/home/fvogel/Documents/data/person_shared_images/SR052N1D1day1stack3-09.png,512.0,512.0,spine,1.0,503.6875,933.3125,523.8125,956.1875
27,/home/fvogel/Documents/data/person_shared_images/SR052N1D1day1stack3-06.png,512.0,512.0,spine,1.0,377.59375,855.09375,388.78125,867.65625
35,/home/fvogel/Documents/data/person_shared_images/SR052N1D1day1stack3-09.png,512.0,512.0,spine,1.0,391.71875,929.96875,410.90625,953.90625
29,/home/fvogel/Documents/data/person_shared_images/SR052N1D1day1stack3-07.png,512.0,512.0,spine,1.0,379.1875,880.59375,396.0625,899.78125
44,/home/fvogel/Documents/data/person_shared_images/SR052N1D1day1stack3-08.png,512.0,512.0,spine,1.0,679.78125,1000.25,698.71875,1020.125
38,/home/fvogel/Documents/data/person_shared_images/SR052N1D1day1stack3-09.png,512.0,512.0,spine,1.0,401.75,959.25,417.25,974.75
46,/home/fvogel/Documents/data/person_shared_images/SR052N1D1day1stack3-08.png,512.0,512.0,spine,1.0,732.0,1024.0,754.0,1042.0
48,/home/fvogel/Documents/data/person_shared_images/SR052N1D1day1stack3-08.png,512.0,512.0,spine,1.0,834.03125,1091.25,849.84375,1106.375
47,/home/fvogel/Documents/data/person_shared_images/SR052N1D1day1stack3-09.png,512.0,512.0,spine,1.0,761.84375,1058.46875,775.03125,1074.40625
40,/home/fvogel/Documents/data/person_shared_images/SR052N1D1day1stack3-08.png,512.0,512.0,spine,1.0,406.5,1007.0,420.5,1023.5
42,/home/fvogel/Documents/data/person_shared_images/SR052N1D1day1stack3-09.png,512.0,512.0,spine,1.0,625.625,1001.75,640.625,1014.75
44,/home/fvogel/Documents/data/person_shared_images/SR052N1D1day1stack3-09.png,512.0,512.0,spine,1.0,679.84375,1000.6875,700.53125,1021.1875
45,/home/fvogel/Documents/data/person_shared_images/SR052N1D1day1stack3-08.png,512.0,512.0,spine,1.0,553.96875,959.09375,568.03125,974.53125
41,/home/fvogel/Documents/data/person_shared_images/SR052N1D1day1stack3-09.png,512.0,512.0,spine,1.0,586.90625,977.9375,602.34375,992.8125
46,/home/fvogel/Documents/data/person_shared_images/SR052N1D1day1stack3-09.png,512.0,512.0,spine,1.0,732.1875,1024.25,754.0625,1042.0
25,/home/fvogel/Documents/data/person_shared_images/SR052N1D1day1stack3-08.png,512.0,512.0,spine,1.0,352.5625,904.21875,369.8125,922.15625
35,/home/fvogel/Documents/data/person_shared_images/SR052N1D1day1stack3-10.png,512.0,512.0,spine,1.0,391.96875,930.71875,410.90625,955.65625
36,/home/fvogel/Documents/data/person_shared_images/SR052N1D1day1stack3-10.png,512.0,512.0,spine,1.0,424.5,1026.5,441.375,1043.0
29,/home/fvogel/Documents/data/person_shared_images/SR052N1D1day1stack3-08.png,512.0,512.0,spine,1.0,376.5,883.21875,396.0,901.40625
47,/home/fvogel/Documents/data/person_shared_images/SR052N1D1day1stack3-10.png,512.0,512.0,spine,1.0,761.75,1061.625,775.0,1076.5
43,/home/fvogel/Documents/data/person_shared_images/SR052N1D1day1stack3-09.png,512.0,512.0,spine,1.0,816.8125,1111.125,845.1875,1130.875
48,/home/fvogel/Documents/data/person_shared_images/SR052N1D1day1stack3-09.png,512.0,512.0,spine,1.0,833.25,1090.75,850.75,1106.5
42,/home/fvogel/Documents/data/person_shared_images/SR052N1D1day1stack3-10.png,512.0,512.0,spine,1.0,625.25,1001.5625,640.25,1014.6875
40,/home/fvogel/Documents/data/person_shared_images/SR052N1D1day1stack3-09.png,512.0,512.0,spine,1.0,406.75,1009.0,420.25,1025.5
31,/home/fvogel/Documents/data/person_shared_images/SR052N1D1day1stack3-09.png,512.0,512.0,spine,1.0,399.875,861.8125,417.625,879.6875
39,/home/fvogel/Documents/data/person_shared_images/SR052N1D1day1stack3-10.png,512.0,512.0,spine,1.0,503.4375,933.9375,524.0625,956.5625
42,/home/fvogel/Documents/data/person_shared_images/SR052N1D1day1stack3-11.png,512.0,512.0,spine,1.0,625.25,1001.5625,640.25,1014.6875
46,/home/fvogel/Documents/data/person_shared_images/SR052N1D1day1stack3-10.png,512.0,512.0,spine,1.0,731.8125,1024.25,753.4375,1041.75
29,/home/fvogel/Documents/data/person_shared_images/SR052N1D1day1stack3-09.png,512.0,512.0,spine,1.0,375.3125,880.9375,397.4375,900.0625
47,/home/fvogel/Documents/data/person_shared_images/SR052N1D1day1stack3-11.png,512.0,512.0,spine,1.0,758.6875,1060.0625,775.4375,1078.1875
40,/home/fvogel/Documents/data/person_shared_images/SR052N1D1day1stack3-10.png,512.0,512.0,spine,1.0,407.75,1010.0,420.25,1026.0
39,/home/fvogel/Documents/data/person_shared_images/SR052N1D1day1stack3-11.png,512.0,512.0,spine,1.0,503.6875,933.3125,524.0625,957.1875
43,/home/fvogel/Documents/data/person_shared_images/SR052N1D1day1stack3-10.png,512.0,512.0,spine,1.0,817.0625,1111.4375,845.1875,1130.5625
44,/home/fvogel/Documents/data/person_shared_images/SR052N1D1day1stack3-10.png,512.0,512.0,spine,1.0,679.5625,1000.46875,699.8125,1021.15625
48,/home/fvogel/Documents/data/person_shared_images/SR052N1D1day1stack3-10.png,512.0,512.0,spine,1.0,836.875,1090.375,854.375,1106.875
31,/home/fvogel/Documents/data/person_shared_images/SR052N1D1day1stack3-10.png,512.0,512.0,spine,1.0,399.5625,862.1875,418.5625,880.8125
42,/home/fvogel/Documents/data/person_shared_images/SR052N1D1day1stack3-12.png,512.0,512.0,spine,1.0,625.5,1001.5,640.5,1014.5
48,/home/fvogel/Documents/data/person_shared_images/SR052N1D1day1stack3-11.png,512.0,512.0,spine,1.0,836.8125,1090.625,853.9375,1106.875
31,/home/fvogel/Documents/data/person_shared_images/SR052N1D1day1stack3-11.png,512.0,512.0,spine,1.0,400.78125,862.15625,420.34375,880.46875
46,/home/fvogel/Documents/data/person_shared_images/SR052N1D1day1stack3-11.png,512.0,512.0,spine,1.0,731.9375,1024.5,754.0625,1042.0
29,/home/fvogel/Documents/data/person_shared_images/SR052N1D1day1stack3-10.png,512.0,512.0,spine,1.0,372.71875,878.5625,396.90625,900.0625
47,/home/fvogel/Documents/data/person_shared_images/SR052N1D1day1stack3-12.png,512.0,512.0,spine,1.0,756.5625,1061.875,773.1875,1079.875
39,/home/fvogel/Documents/data/person_shared_images/SR052N1D1day1stack3-12.png,512.0,512.0,spine,1.0,503.5,933.1875,524.25,957.3125
43,/home/fvogel/Documents/data/person_shared_images/SR052N1D1day1stack3-11.png,512.0,512.0,spine,1.0,817.0625,1111.25,844.6875,1130.75
39,/home/fvogel/Documents/data/person_shared_images/SR052N1D1day1stack3-13.png,512.0,512.0,spine,1.0,503.4375,933.4375,523.8125,956.5625
48,/home/fvogel/Documents/data/person_shared_images/SR052N1D1day1stack3-12.png,512.0,512.0,spine,1.0,835.125,1090.875,852.5,1106.625
47,/home/fvogel/Documents/data/person_shared_images/SR052N1D1day1stack3-13.png,512.0,512.0,spine,1.0,757.5625,1060.0,774.0625,1078.0
29,/home/fvogel/Documents/data/person_shared_images/SR052N1D1day1stack3-11.png,512.0,512.0,spine,1.0,373.0,878.875,396.625,898.75
42,/home/fvogel/Documents/data/person_shared_images/SR052N1D1day1stack3-13.png,512.0,512.0,spine,1.0,625.0,1001.75,640.5,1014.25
31,/home/fvogel/Documents/data/person_shared_images/SR052N1D1day1stack3-12.png,512.0,512.0,spine,1.0,399.625,860.65625,417.625,880.09375
46,/home/fvogel/Documents/data/person_shared_images/SR052N1D1day1stack3-12.png,512.0,512.0,spine,1.0,731.625,1023.4375,754.125,1041.8125
48,/home/fvogel/Documents/data/person_shared_images/SR052N1D1day1stack3-13.png,512.0,512.0,spine,1.0,837.0,1090.75,854.375,1106.75
46,/home/fvogel/Documents/data/person_shared_images/SR052N1D1day1stack3-13.png,512.0,512.0,spine,1.0,731.75,1023.9375,753.75,1041.8125
47,/home/fvogel/Documents/data/person_shared_images/SR052N1D1day1stack3-14.png,512.0,512.0,spine,1.0,754.9375,1058.40625,772.0625,1076.21875
31,/home/fvogel/Documents/data/person_shared_images/SR052N1D1day1stack3-13.png,512.0,512.0,spine,1.0,400.4375,860.84375,419.3125,879.78125
39,/home/fvogel/Documents/data/person_shared_images/SR052N1D1day1stack3-14.png,512.0,512.0,spine,1.0,503.0,932.8125,523.0,956.4375
49,/home/fvogel/Documents/data/person_shared_images/SR052N1D1day1stack4-03.png,512.0,512.0,spine,1.0,1220.0,1509.0,1238.0,1524.0
48,/home/fvogel/Documents/data/person_shared_images/SR052N1D1day1stack3-14.png,512.0,512.0,spine,1.0,833.4375,1090.0,850.5625,1106.0
31,/home/fvogel/Documents/data/person_shared_images/SR052N1D1day1stack3-14.png,512.0,512.0,spine,1.0,401.125,860.75,418.125,880.0
46,/home/fvogel/Documents/data/person_shared_images/SR052N1D1day1stack3-14.png,512.0,512.0,spine,1.0,731.625,1024.125,754.375,1041.875
50,/home/fvogel/Documents/data/person_shared_images/SR052N1D1day1stack4-04.png,512.0,512.0,spine,1.0,1245.625,1491.5625,1259.125,1508.4375
51,/home/fvogel/Documents/data/person_shared_images/SR052N1D1day1stack4-03.png,512.0,512.0,spine,1.0,1271.5,1508.0,1288.5,1524.0
49,/home/fvogel/Documents/data/person_shared_images/SR052N1D1day1stack4-04.png,512.0,512.0,spine,1.0,1218.75,1501.875,1239.375,1523.0
51,/home/fvogel/Documents/data/person_shared_images/SR052N1D1day1stack4-04.png,512.0,512.0,spine,1.0,1260.9375,1506.5,1286.0625,1532.5
50,/home/fvogel/Documents/data/person_shared_images/SR052N1D1day1stack4-05.png,512.0,512.0,spine,1.0,1245.0625,1491.3125,1258.9375,1507.4375
50,/home/fvogel/Documents/data/person_shared_images/SR052N1D1day1stack4-06.png,512.0,512.0,spine,1.0,1244.75,1491.375,1259.0,1507.375
51,/home/fvogel/Documents/data/person_shared_images/SR052N1D1day1stack4-05.png,512.0,512.0,spine,1.0,1261.34375,1506.5,1286.03125,1532.375
49,/home/fvogel/Documents/data/person_shared_images/SR052N1D1day1stack4-05.png,512.0,512.0,spine,1.0,1216.59375,1500.59375,1239.65625,1522.40625
51,/home/fvogel/Documents/data/person_shared_images/SR052N1D1day1stack4-06.png,512.0,512.0,spine,1.0,1260.96875,1506.6875,1285.53125,1533.0625
52,/home/fvogel/Documents/data/person_shared_images/SR052N1D1day1stack4-05.png,512.0,512.0,spine,1.0,1087.25,1346.75,1103.75,1358.25
53,/home/fvogel/Documents/data/person_shared_images/SR052N1D1day1stack4-06.png,512.0,512.0,spine,1.0,882.5,1119.25,895.5,1135.75
50,/home/fvogel/Documents/data/person_shared_images/SR052N1D1day1stack4-07.png,512.0,512.0,spine,1.0,1244.4375,1490.8125,1259.0625,1506.4375
49,/home/fvogel/Documents/data/person_shared_images/SR052N1D1day1stack4-06.png,512.0,512.0,spine,1.0,1216.8125,1500.0625,1239.0625,1522.3125
49,/home/fvogel/Documents/data/person_shared_images/SR052N1D1day1stack4-07.png,512.0,512.0,spine,1.0,1216.25,1499.5625,1239.375,1523.0625
43,/home/fvogel/Documents/data/person_shared_images/SR052N1D1day1stack3-12.png,512.0,512.0,spine,1.0,817.0625,1111.25,844.6875,1130.75
53,/home/fvogel/Documents/data/person_shared_images/SR052N1D1day1stack4-07.png,512.0,512.0,spine,1.0,881.59375,1118.46875,897.90625,1137.15625
55,/home/fvogel/Documents/data/person_shared_images/SR052N1D1day1stack4-08.png,512.0,512.0,spine,1.0,954.6875,1183.6875,973.5625,1197.8125
51,/home/fvogel/Documents/data/person_shared_images/SR052N1D1day1stack4-07.png,512.0,512.0,spine,1.0,1260.96875,1506.40625,1286.03125,1532.84375
54,/home/fvogel/Documents/data/person_shared_images/SR052N1D1day1stack4-07.png,512.0,512.0,spine,1.0,1232.125,1472.5,1244.875,1488.0
52,/home/fvogel/Documents/data/person_shared_images/SR052N1D1day1stack4-06.png,512.0,512.0,spine,1.0,1086.375,1347.375,1104.125,1364.125
48,/home/fvogel/Documents/data/person_shared_images/SR052N1D1day1stack3-15.png,512.0,512.0,spine,1.0,833.3125,1089.75,850.1875,1106.25
51,/home/fvogel/Documents/data/person_shared_images/SR052N1D1day1stack4-08.png,512.0,512.0,spine,1.0,1260.0625,1507.125,1285.8125,1532.75
49,/home/fvogel/Documents/data/person_shared_images/SR052N1D1day1stack4-08.png,512.0,512.0,spine,1.0,1222.65625,1499.40625,1237.71875,1526.21875
56,/home/fvogel/Documents/data/person_shared_images/SR052N1D1day1stack4-09.png,512.0,512.0,spine,1.0,968.5,1191.875,986.0,1214.125
48,/home/fvogel/Documents/data/person_shared_images/SR052N1D1day1stack4-03.png,512.0,512.0,spine,1.0,833.5,1088.5,848.5,1105.5
54,/home/fvogel/Documents/data/person_shared_images/SR052N1D1day1stack4-08.png,512.0,512.0,spine,1.0,1232.625,1473.8125,1247.625,1491.4375
43,/home/fvogel/Documents/data/person_shared_images/SR052N1D1day1stack3-13.png,512.0,512.0,spine,1.0,817.0,1111.0,845.0,1131.0
52,/home/fvogel/Documents/data/person_shared_images/SR052N1D1day1stack4-07.png,512.0,512.0,spine,1.0,1087.5625,1347.0,1104.1875,1363.0
53,/home/fvogel/Documents/data/person_shared_images/SR052N1D1day1stack4-08.png,512.0,512.0,spine,1.0,879.59375,1120.8125,895.90625,1137.0625
57,/home/fvogel/Documents/data/person_shared_images/SR052N1D1day1stack4-09.png,512.0,512.0,spine,1.0,929.5,1186.5625,944.5,1201.6875
55,/home/fvogel/Documents/data/person_shared_images/SR052N1D1day1stack4-09.png,512.0,512.0,spine,1.0,954.5,1183.4375,973.75,1198.0625
58,/home/fvogel/Documents/data/person_shared_images/SR052N1D1day1stack4-09.png,512.0,512.0,spine,1.0,989.25,1214.0,1004.75,1231.75
49,/home/fvogel/Documents/data/person_shared_images/SR052N1D1day1stack4-09.png,512.0,512.0,spine,1.0,1221.40625,1500.125,1239.59375,1527.75
52,/home/fvogel/Documents/data/person_shared_images/SR052N1D1day1stack4-08.png,512.0,512.0,spine,1.0,1086.9375,1346.5,1103.3125,1363.75
48,/home/fvogel/Documents/data/person_shared_images/SR052N1D1day1stack4-04.png,512.0,512.0,spine,1.0,835.5,1091.5,848.5,1106.5
57,/home/fvogel/Documents/data/person_shared_images/SR052N1D1day1stack4-10.png,512.0,512.0,spine,1.0,928.625,1187.6875,943.875,1203.0625
55,/home/fvogel/Documents/data/person_shared_images/SR052N1D1day1stack4-10.png,512.0,512.0,spine,1.0,954.1875,1183.375,973.5625,1197.875
53,/home/fvogel/Documents/data/person_shared_images/SR052N1D1day1stack4-09.png,512.0,512.0,spine,1.0,880.9375,1120.25,896.5625,1138.75
56,/home/fvogel/Documents/data/person_shared_images/SR052N1D1day1stack4-10.png,512.0,512.0,spine,1.0,967.28125,1189.375,983.46875,1211.625
51,/home/fvogel/Documents/data/person_shared_images/SR052N1D1day1stack4-09.png,512.0,512.0,spine,1.0,1260.0625,1507.125,1285.9375,1532.875
43,/home/fvogel/Documents/data/person_shared_images/SR052N1D1day1stack4-07.png,512.0,512.0,spine,1.0,824.5,1111.5,847.5,1124.5
54,/home/fvogel/Documents/data/person_shared_images/SR052N1D1day1stack4-09.png,512.0,512.0,spine,1.0,1231.34375,1467.4375,1245.03125,1491.1875
49,/home/fvogel/Documents/data/person_shared_images/SR052N1D1day1stack4-10.png,512.0,512.0,spine,1.0,1220.90625,1501.1875,1238.46875,1526.0625
56,/home/fvogel/Documents/data/person_shared_images/SR052N1D1day1stack4-11.png,512.0,512.0,spine,1.0,969.28125,1190.5,986.46875,1215.375
43,/home/fvogel/Documents/data/person_shared_images/SR052N1D1day1stack4-08.png,512.0,512.0,spine,1.0,821.46875,1110.75,847.03125,1130.0
53,/home/fvogel/Documents/data/person_shared_images/SR052N1D1day1stack4-10.png,512.0,512.0,spine,1.0,881.125,1120.75,896.875,1139.25
57,/home/fvogel/Documents/data/person_shared_images/SR052N1D1day1stack4-11.png,512.0,512.0,spine,1.0,929.3125,1187.5625,944.4375,1203.4375
55,/home/fvogel/Documents/data/person_shared_images/SR052N1D1day1stack4-11.png,512.0,512.0,spine,1.0,954.0,1182.875,973.75,1198.125
48,/home/fvogel/Documents/data/person_shared_images/SR052N1D1day1stack4-08.png,512.0,512.0,spine,1.0,835.34375,1090.03125,850.90625,1105.34375
52,/home/fvogel/Documents/data/person_shared_images/SR052N1D1day1stack4-09.png,512.0,512.0,spine,1.0,1086.8125,1346.5,1103.1875,1363.75
58,/home/fvogel/Documents/data/person_shared_images/SR052N1D1day1stack4-10.png,512.0,512.0,spine,1.0,988.9375,1212.6875,1004.8125,1231.3125
54,/home/fvogel/Documents/data/person_shared_images/SR052N1D1day1stack4-10.png,512.0,512.0,spine,1.0,1230.75,1471.09375,1246.75,1494.28125
55,/home/fvogel/Documents/data/person_shared_images/SR052N1D1day1stack4-12.png,512.0,512.0,spine,1.0,954.5625,1183.1875,973.1875,1197.8125
53,/home/fvogel/Documents/data/person_shared_images/SR052N1D1day1stack4-11.png,512.0,512.0,spine,1.0,880.8125,1121.0,896.1875,1139.0
48,/home/fvogel/Documents/data/person_shared_images/SR052N1D1day1stack4-09.png,512.0,512.0,spine,1.0,834.5625,1090.125,852.3125,1109.625
54,/home/fvogel/Documents/data/person_shared_images/SR052N1D1day1stack4-11.png,512.0,512.0,spine,1.0,1231.3125,1469.53125,1245.9375,1492.96875
43,/home/fvogel/Documents/data/person_shared_images/SR052N1D1day1stack4-09.png,512.0,512.0,spine,1.0,818.03125,1114.0625,844.84375,1127.8125
52,/home/fvogel/Documents/data/person_shared_images/SR052N1D1day1stack4-10.png,512.0,512.0,spine,1.0,1086.4375,1344.625,1103.8125,1363.375
58,/home/fvogel/Documents/data/person_shared_images/SR052N1D1day1stack4-11.png,512.0,512.0,spine,1.0,989.125,1213.625,1005.375,1232.125
56,/home/fvogel/Documents/data/person_shared_images/SR052N1D1day1stack4-12.png,512.0,512.0,spine,1.0,969.375,1190.0625,986.875,1214.9375
57,/home/fvogel/Documents/data/person_shared_images/SR052N1D1day1stack4-12.png,512.0,512.0,spine,1.0,929.9375,1187.625,945.0625,1203.125
48,/home/fvogel/Documents/data/person_shared_images/SR052N1D1day1stack4-10.png,512.0,512.0,spine,1.0,835.3125,1089.125,852.8125,1106.5
56,/home/fvogel/Documents/data/person_shared_images/SR052N1D1day1stack4-13.png,512.0,512.0,spine,1.0,967.625,1189.4375,985.375,1213.8125
58,/home/fvogel/Documents/data/person_shared_images/SR052N1D1day1stack4-12.png,512.0,512.0,spine,1.0,988.9375,1213.6875,1005.3125,1232.0625
52,/home/fvogel/Documents/data/person_shared_images/SR052N1D1day1stack4-11.png,512.0,512.0,spine,1.0,1085.71875,1344.3125,1101.78125,1362.5625
57,/home/fvogel/Documents/data/person_shared_images/SR052N1D1day1stack4-13.png,512.0,512.0,spine,1.0,927.53125,1183.0625,941.09375,1198.9375
55,/home/fvogel/Documents/data/person_shared_images/SR052N1D1day1stack4-13.png,512.0,512.0,spine,1.0,954.5625,1183.0625,973.1875,1197.9375
58,/home/fvogel/Documents/data/person_shared_images/SR052N1D1day1stack4-13.png,512.0,512.0,spine,1.0,988.75,1213.125,1005.5,1232.375
48,/home/fvogel/Documents/data/person_shared_images/SR052N1D1day1stack4-11.png,512.0,512.0,spine,1.0,835.3125,1089.21875,853.5625,1107.65625
57,/home/fvogel/Documents/data/person_shared_images/SR052N1D1day1stack4-14.png,512.0,512.0,spine,1.0,928.21875,1184.0625,944.15625,1201.1875
56,/home/fvogel/Documents/data/person_shared_images/SR052N1D1day1stack4-14.png,512.0,512.0,spine,1.0,967.5625,1189.6875,985.9375,1214.0625
55,/home/fvogel/Documents/data/person_shared_images/SR052N1D1day1stack4-14.png,512.0,512.0,spine,1.0,954.125,1183.5,973.875,1198.5
48,/home/fvogel/Documents/data/person_shared_images/SR052N1D1day1stack4-12.png,512.0,512.0,spine,1.0,835.5,1088.4375,853.25,1107.9375
58,/home/fvogel/Documents/data/person_shared_images/SR052N1D1day1stack4-14.png,512.0,512.0,spine,1.0,987.625,1213.375,1004.375,1232.375
55,/home/fvogel/Documents/data/person_shared_images/SR052N1D1day1stack4-15.png,512.0,512.0,spine,1.0,954.0,1183.5,974.0,1198.5
56,/home/fvogel/Documents/data/person_shared_images/SR052N1D1day1stack4-15.png,512.0,512.0,spine,1.0,966.90625,1191.125,984.71875,1214.25
54,/home/fvogel/Documents/data/person_shared_images/SR052N1D1day1stack4-12.png,512.0,512.0,spine,1.0,1230.125,1468.0625,1243.375,1488.4375
55,/home/fvogel/Documents/data/person_shared_images/SR052N1D1day1stack5-07.png,512.0,512.0,spine,1.0,954.0,1183.5,974.0,1198.5
49,/home/fvogel/Documents/data/person_shared_images/SR052N1D1day1stack4-11.png,512.0,512.0,spine,1.0,1221.375,1500.5625,1236.875,1523.4375
58,/home/fvogel/Documents/data/person_shared_images/SR052N1D1day1stack4-15.png,512.0,512.0,spine,1.0,984.4375,1213.0625,1002.8125,1228.3125
51,/home/fvogel/Documents/data/person_shared_images/SR052N1D1day1stack4-10.png,512.0,512.0,spine,1.0,1260.125,1507.0,1284.375,1533.0
56,/home/fvogel/Documents/data/person_shared_images/SR052N1D1day1stack5-07.png,512.0,512.0,spine,1.0,966.90625,1191.125,984.71875,1214.25
51,/home/fvogel/Documents/data/person_shared_images/SR052N1D1day1stack4-11.png,512.0,512.0,spine,1.0,1259.5,1511.0,1284.5,1529.0
49,/home/fvogel/Documents/data/person_shared_images/SR052N1D1day1stack4-12.png,512.0,512.0,spine,1.0,1220.0,1505.5,1238.0,1523.0
59,/home/fvogel/Documents/data/person_shared_images/SR052N1D1day1stack5-07.png,512.0,512.0,spine,1.0,1349.0,1615.5,1371.0,1634.5
54,/home/fvogel/Documents/data/person_shared_images/SR052N1D1day1stack4-13.png,512.0,512.0,spine,1.0,1226.75,1468.25,1243.25,1487.75
60,/home/fvogel/Documents/data/person_shared_images/SR052N1D1day1stack5-07.png,512.0,512.0,spine,1.0,1287.0,1554.0,1301.0,1568.0
59,/home/fvogel/Documents/data/person_shared_images/SR052N1D1day1stack5-08.png,512.0,512.0,spine,1.0,1349.0,1615.5,1371.0,1634.5
54,/home/fvogel/Documents/data/person_shared_images/SR052N1D1day1stack4-14.png,512.0,512.0,spine,1.0,1227.0,1468.25,1244.0,1489.75
49,/home/fvogel/Documents/data/person_shared_images/SR052N1D1day1stack4-13.png,512.0,512.0,spine,1.0,1220.0,1504.5,1235.0,1523.5
51,/home/fvogel/Documents/data/person_shared_images/SR052N1D1day1stack4-12.png,512.0,512.0,spine,1.0,1257.5,1504.5,1284.5,1527.5
60,/home/fvogel/Documents/data/person_shared_images/SR052N1D1day1stack5-08.png,512.0,512.0,spine,1.0,1287.375,1552.375,1301.625,1569.125
51,/home/fvogel/Documents/data/person_shared_images/SR052N1D1day1stack4-13.png,512.0,512.0,spine,1.0,1258.5,1505.0,1279.5,1527.0
59,/home/fvogel/Documents/data/person_shared_images/SR052N1D1day1stack5-09.png,512.0,512.0,spine,1.0,1349.1875,1615.5,1371.1875,1634.5
60,/home/fvogel/Documents/data/person_shared_images/SR052N1D1day1stack5-09.png,512.0,512.0,spine,1.0,1283.625,1551.625,1298.875,1567.875
54,/home/fvogel/Documents/data/person_shared_images/SR052N1D1day1stack4-15.png,512.0,512.0,spine,1.0,1227.5,1467.5,1244.5,1488.5
49,/home/fvogel/Documents/data/person_shared_images/SR052N1D1day1stack4-14.png,512.0,512.0,spine,1.0,1215.5,1507.5,1236.5,1524.5
51,/home/fvogel/Documents/data/person_shared_images/SR052N1D1day1stack4-14.png,512.0,512.0,spine,1.0,1263.0,1508.5,1285.0,1533.5
59,/home/fvogel/Documents/data/person_shared_images/SR052N1D1day1stack5-10.png,512.0,512.0,spine,1.0,1349.0,1615.5,1371.0,1634.5
49,/home/fvogel/Documents/data/person_shared_images/SR052N1D1day1stack4-15.png,512.0,512.0,spine,1.0,1215.5,1507.5,1236.5,1524.5
54,/home/fvogel/Documents/data/person_shared_images/SR052N1D1day1stack5-07.png,512.0,512.0,spine,1.0,1226.8125,1471.9375,1242.1875,1488.5625
54,/home/fvogel/Documents/data/person_shared_images/SR052N1D1day1stack5-08.png,512.0,512.0,spine,1.0,1227.40625,1468.9375,1242.71875,1491.1875
59,/home/fvogel/Documents/data/person_shared_images/SR052N1D1day1stack5-11.png,512.0,512.0,spine,1.0,1349.0,1615.4375,1371.0,1634.4375
51,/home/fvogel/Documents/data/person_shared_images/SR052N1D1day1stack4-15.png,512.0,512.0,spine,1.0,1263.0,1508.5,1285.0,1533.5
49,/home/fvogel/Documents/data/person_shared_images/SR052N1D1day1stack5-07.png,512.0,512.0,spine,1.0,1216.21875,1497.9375,1235.65625,1526.0625
54,/home/fvogel/Documents/data/person_shared_images/SR052N1D1day1stack5-09.png,512.0,512.0,spine,1.0,1225.03125,1468.0625,1240.34375,1490.0625
59,/home/fvogel/Documents/data/person_shared_images/SR052N1D1day1stack5-12.png,512.0,512.0,spine,1.0,1349.0,1615.4375,1371.0,1634.4375
59,/home/fvogel/Documents/data/person_shared_images/SR052N1D1day1stack5-13.png,512.0,512.0,spine,1.0,1349.625,1616.375,1371.625,1635.375
59,/home/fvogel/Documents/data/person_shared_images/SR052N1D1day1stack5-14.png,512.0,512.0,spine,1.0,1349.0,1615.5,1371.0,1634.5
62,/home/fvogel/Documents/data/person_shared_images/SR052N1D1day1stack2-04.png,512.0,512.0,spine,1.0,355.0,796.75,372.0,818.25
62,/home/fvogel/Documents/data/person_shared_images/SR052N1D1day1stack2-05.png,512.0,512.0,spine,1.0,353.375,792.0,370.625,813.0
